1,신한카드 Hi-Point,신한카드,"해외겸용 8,000원",전월실적없음,VISAmastercardJCB,https://api.card-gorilla.com:8080/storage/card/1/card_img/20083/1card.png
2,신한카드 Love,신한카드,"해외겸용 8,000원",전월실적20만원 이상,VISAmastercardAMEXUnionPay,https://api.card-gorilla.com:8080/storage/card/2/card_img/20084/2card.png
3,신한카드 Lady,신한카드,"해외겸용 5,000원",전월실적30만원 이상,VISAmastercardUnionPay,https://api.card-gorilla.com:8080/storage/card/3/card_img/20085/3card.png
4,SK에너지 신한카드The you,신한카드,"국내전용 7,000원 해외겸용 12,000원",전월실적30만원 이상,VISAmastercardUnionPay,https://api.card-gorilla.com:8080/storage/card/4/card_img/20086/4card.png
5,GS칼텍스 신한카드Dream 100,신한카드,"국내전용 7,000원 해외겸용 12,000원",전월실적30만원 이상,VISA,https://api.card-gorilla.com:8080/storage/card/5/card_img/20087/5card.png
6,신한카드 Cube,신한카드,"국내전용 10,000원 해외겸용 13,000원",전월실적30만원 이상,VISAmastercard,https://api.card-gorilla.com:8080/storage/card/6/card_img/20088/6card.png
7,신한카드 23.5°,신한카드,"국내전용 10,000원 해외겸용 14,000원",전월실적없음,VISA,https://api.card-gorilla.com:8080/storage/card/7/card_img/20089/7card.png
8,신한카드 The CLASSIC-Y,신한카드,"해외겸용 100,000원",전월실적없음,VISAmastercardUnionPay,https://api.card-gorilla.com:8080/storage/card/8/card_img/20090/8card.png
9,신한카드 아이행복,신한카드,해외겸용 없음,전월실적30만원 이상,,https://api.card-gorilla.com:8080/storage/card/9/card_img/20091/9card.png
10,신한카드 B.Big(삑),신한카드,"해외겸용 10,000원",전월실적30만원 이상,VISAUnionPay,https://api.card-gorilla.com:8080/storage/card/10/card_img/24226/10card.png
11,신한카드 Simple+,신한카드,"해외겸용 10,000원",전월실적없음,VISAmastercard,https://api.card-gorilla.com:8080/storage/card/11/card_img/20093/11card.png
12,신한카드 Air Platinum#,신한카드,"해외겸용 37,000원",전월실적없음,VISAmastercard,https://api.card-gorilla.com:8080/storage/card/12/card_img/20094/12card.png
13,신한카드 Mr.Life,신한카드,"해외겸용 15,000원",전월실적30만원 이상,VISA,https://api.card-gorilla.com:8080/storage/card/13/card_img/28201/13card.png
14,신한카드 YOLO ⓘ,신한카드,"국내전용 15,000원 해외겸용 18,000원",전월실적30만원 이상,VISA,https://api.card-gorilla.com:8080/storage/card/14/card_img/20096/14card.png
15,신한카드 The CLASSIC+,신한카드,"해외겸용 120,000원",전월실적30만원 이상,AMEX,https://api.card-gorilla.com:8080/storage/card/15/card_img/20097/15card.png
16,신한카드 RPM+ Platinum#,신한카드,"해외겸용 32,000원",전월실적50만원 이상,VISAUnionPay,https://api.card-gorilla.com:8080/storage/card/16/card_img/28929/16card.png
17,신한카드 YOLO Tasty,신한카드,"해외겸용 10,000원",전월실적30만원 이상,VISA,https://api.card-gorilla.com:8080/storage/card/17/card_img/20099/17card.png
18,신한카드 Shopping,신한카드,"해외겸용 20,000원",전월실적50만원 이상,VISA,https://api.card-gorilla.com:8080/storage/card/18/card_img/20100/18card.png
19,신한카드 O2O,신한카드,"해외겸용 10,000원",전월실적50만원 이상,mastercard,https://api.card-gorilla.com:8080/storage/card/19/card_img/20101/19card.png
21,신한카드 Simple Platinum#,신한카드,"해외겸용 27,000원",전월실적없음,VISAUnionPay,https://api.card-gorilla.com:8080/storage/card/21/card_img/20103/21card.png
22,카카오페이 신한카드,신한카드,"국내전용 12,000원 해외겸용 15,000원",전월실적30만원 이상,mastercardUnionPay,https://api.card-gorilla.com:8080/storage/card/22/card_img/20104/22card.png
24,EDIYA 신한카드 Tasty,신한카드,"해외겸용 10,000원",전월실적30만원 이상,mastercardUnionPay,https://api.card-gorilla.com:8080/storage/card/24/card_img/20106/24card.png
25,신한카드 Noon,신한카드,"해외겸용 8,000원",전월실적50만원 이상,mastercardUnionPay,https://api.card-gorilla.com:8080/storage/card/25/card_img/20107/25card.png
26,신한카드 Edu,신한카드,"해외겸용 20,000원",전월실적50만원 이상,mastercard,https://api.card-gorilla.com:8080/storage/card/26/card_img/20108/26card.png
27,아시아나 신한카드 Air 1.5,신한카드,"국내전용 43,000원 해외겸용 45,000원",전월실적50만원 이상,mastercard,https://api.card-gorilla.com:8080/storage/card/27/card_img/25865/27card.png
28,신세계 신한카드,신한카드,"해외겸용 12,000원",전월실적50만원 이상,mastercardUnionPay,https://api.card-gorilla.com:8080/storage/card/28/card_img/20110/28card.png
29,TLX PASS 신한카드,신한카드,"해외겸용 15,000원",전월실적30만원 이상,VISAUnionPay,https://api.card-gorilla.com:8080/storage/card/29/card_img/20111/29card.png
30,모바일 Tmoney 신한카드,신한카드,"해외겸용 10,000원",전월실적30만원 이상,VISAUnionPay,https://api.card-gorilla.com:8080/storage/card/30/card_img/20112/30card.png
31,신한카드 All Pass,신한카드,"해외겸용 10,000원",전월실적30만원 이상,VISAUnionPay,https://api.card-gorilla.com:8080/storage/card/31/card_img/20113/31card.png
32,신한카드 Deep Dream,신한카드,"해외겸용 8,000원",전월실적없음,VISAUnionPay,https://api.card-gorilla.com:8080/storage/card/32/card_img/20114/32card.png
33,신한카드 The CLASSIC-L,신한카드,"해외전용 100,000원",전월실적없음,mastercard,https://api.card-gorilla.com:8080/storage/card/33/card_img/20115/33card.png
35,GS칼텍스 신한카드 Shine,신한카드,"해외겸용 7,000원",전월실적20만원 이상,VISAmastercard,https://api.card-gorilla.com:8080/storage/card/35/card_img/20117/35card.png
36,신한카드 Cube Platinum#,신한카드,"해외겸용 32,000원",전월실적30만원 이상,VISAmastercardAMEX,https://api.card-gorilla.com:8080/storage/card/36/card_img/23899/36card.png
37,신한카드 The BEST-F,신한카드,"해외겸용 202,000원",전월실적없음,VISA,https://api.card-gorilla.com:8080/storage/card/37/card_img/20118/37card.png
38,신한카드 Lesson Platinum#,신한카드,"해외겸용 27,000원",전월실적30만원 이상,AMEX,https://api.card-gorilla.com:8080/storage/card/38/card_img/20119/38card.jpg
39,신한카드 Deep Oil,신한카드,"해외겸용 10,000원",전월실적30만원 이상,mastercard,https://api.card-gorilla.com:8080/storage/card/39/card_img/20120/39card.png
40,신한카드 Deep Dream Platinum+,신한카드,"해외겸용 30,000원",전월실적없음,VISAUnionPay,https://api.card-gorilla.com:8080/storage/card/40/card_img/20121/40card.png
41,신한카드 Deep On Platinum+,신한카드,"해외겸용 30,000원",전월실적30만원 이상,mastercardUnionPay,https://api.card-gorilla.com:8080/storage/card/41/card_img/20122/41card.png
42,SOCAR 제휴 SOCAR 신한카드,신한카드,"해외겸용 13,000원",전월실적30만원 이상,VISA,https://api.card-gorilla.com:8080/storage/card/42/card_img/20123/42card.png
43,신한카드 Deep Store,신한카드,"해외겸용 13,000원",전월실적30만원 이상,mastercard,https://api.card-gorilla.com:8080/storage/card/43/card_img/20124/43card.png
44,위메프페이 신한카드,신한카드,"해외겸용 12,000원",전월실적없음,mastercard,https://api.card-gorilla.com:8080/storage/card/44/card_img/20125/44card.png
45,American Express Blue(아멕스블루),삼성카드,"해외겸용 15,000원",전월실적30만원 이상,AMEX,https://api.card-gorilla.com:8080/storage/card/45/card_img/27703/45card.png
46,삼성카앤모아카드,삼성카드,"국내전용 8,000원 해외겸용 10,000원",전월실적30만원 이상,mastercard,https://api.card-gorilla.com:8080/storage/card/46/card_img/27704/46card.png
47,삼성카드4,삼성카드,"국내전용 5,000원 해외겸용 10,000원",전월실적10만원 이상,AMEXUnionPay,https://api.card-gorilla.com:8080/storage/card/47/card_img/20128/47card.png
48,국민행복 삼성카드,삼성카드,국내전용 없음 해외겸용 없음,전월실적없음,mastercardUnionPay,https://api.card-gorilla.com:8080/storage/card/48/card_img/20129/48card.png
50,아시아나 삼성지엔미플래티늄카드,삼성카드,"해외전용 20,000원",전월실적30만원 이상,mastercard,https://api.card-gorilla.com:8080/storage/card/50/card_img/27706/50card.png
