1001,현대카드 MY BUSINESS M3 Edition2,현대카드,"국내전용 85,000원 해외겸용 90,000원",전월실적50만원 이상,VISAUnionPay,https://api.card-gorilla.com:8080/storage/card/1001/card_img/21534/1001card.png
1002,Mobile x LOCA 롯데카드,롯데카드,"국내전용 20,000원 해외겸용20,000원",전월실적40만원 이상,mastercardAMEX,https://api.card-gorilla.com:8080/storage/card/1002/card_img/21533/1002card.png
1003,신한카드 Love Platinum#,신한카드,"해외겸용 50,000원",전월실적없음,mastercard,https://api.card-gorilla.com:8080/storage/card/1003/card_img/21532/1003card.png
1004,다이아몬드 (Diamond) 카드,롯데카드,"해외겸용 300,000원",전월실적없음,mastercard,https://api.card-gorilla.com:8080/storage/card/1004/card_img/21531/1004card.png
1005,대교리브로 롯데카드,롯데카드,"국내전용 7,000원 해외겸용 10,000원",전월실적30만원 이상,mastercard,https://api.card-gorilla.com:8080/storage/card/1005/card_img/21530/1005card.jpg
1006,신한카드 LABE,신한카드,"국내전용 197,000원 해외겸용 200,000원",전월실적없음,mastercard,https://api.card-gorilla.com:8080/storage/card/1006/card_img/21529/1006card.png
1007,Clip카드,KB국민카드,"해외겸용 15,000원",전월실적30만원 이상,mastercardJCB,https://api.card-gorilla.com:8080/storage/card/1007/card_img/21528/1007card.png
1008,대신 CMA 롯데DC플러스 카드,롯데카드,"해외겸용 10,000원",전월실적없음,VISA,https://api.card-gorilla.com:8080/storage/card/1008/card_img/21527/1008card.jpg
1009,MY RENTAL 롯데카드,롯데카드,"국내전용12,000원 해외겸용15,000원",전월실적40만원 이상,mastercard,https://api.card-gorilla.com:8080/storage/card/1009/card_img/21526/1009card.png
1010,EVO 티타늄카드,KB국민카드,"국내전용 30,000원 해외겸용 30,000원",전월실적50만원 이상,mastercardUnionPay,https://api.card-gorilla.com:8080/storage/card/1010/card_img/21525/1010card.png
1011,OIL KING SK 롯데카드,롯데카드,"국내전용 10,000원 해외겸용15,000원",전월실적20만원 이상,mastercard,https://api.card-gorilla.com:8080/storage/card/1011/card_img/21524/1011card.png
1012,신한카드 Hi-Point MyShop PLATINUM#,신한카드,"해외겸용 30,000원",전월실적없음,VISAmastercard,https://api.card-gorilla.com:8080/storage/card/1012/card_img/21523/1012card.png
1013,신한카드 Hi-Point MyShop,신한카드,"해외겸용 15,000원",전월실적없음,VISAmastercard,https://api.card-gorilla.com:8080/storage/card/1013/card_img/21522/1013card.png
1014,olleh 롯데 삼삼한 체크카드,롯데카드,국내전용 없음,전월실적30만원 이상,,https://api.card-gorilla.com:8080/storage/card/1014/card_img/21521/1014card.jpg
1015,신한카드 EV,신한카드,"해외겸용 12,000원",전월실적30만원 이상,mastercardUnionPay,https://api.card-gorilla.com:8080/storage/card/1015/card_img/21520/1015card.png
1016,OPTIN 플래티넘 카드,롯데카드,"국내전용55,000원 해외겸용60,000원",전월실적20만원 이상,mastercard,https://api.card-gorilla.com:8080/storage/card/1016/card_img/21519/1016card.png
1017,신세계 신한카드 SKYPASS / Asiana Club,신한카드,"해외겸용 42,000원",전월실적없음,mastercardUnionPay,https://api.card-gorilla.com:8080/storage/card/1017/card_img/21518/1017card.png
1018,리디 신한카드,신한카드,"해외겸용 10,000원",전월실적30만원 이상,VISA,https://api.card-gorilla.com:8080/storage/card/1018/card_img/21517/1018card.png
1019,더본 신한카드,신한카드,"해외겸용 10,000원",전월실적없음,VISA,https://api.card-gorilla.com:8080/storage/card/1019/card_img/21516/1019card.png
1020,노란우산 신한카드,신한카드,"해외겸용 10,000원",전월실적없음,VISAUnionPay,https://api.card-gorilla.com:8080/storage/card/1020/card_img/21515/1020card.png
1021,롯데면세점 롯데 아멕스카드,롯데카드,"해외겸용10,000원",전월실적없음,AMEX,https://api.card-gorilla.com:8080/storage/card/1021/card_img/21514/1021card.jpg
1022,현대카드 MY BUSINESS M2 Edition2,현대카드,"국내전용 55,000원 해외겸용 55,000원",전월실적50만원 이상,VISAUnionPay,https://api.card-gorilla.com:8080/storage/card/1022/card_img/21513/1022card.png
1023,대신 CMA 롯데체크카드,롯데카드,해외겸용 없음,전월실적없음,VISA,https://api.card-gorilla.com:8080/storage/card/1023/card_img/21512/1023card.jpg
1024,대신 CMA 롯데포인트플러스 카드,롯데카드,"해외겸용 5,000원",전월실적없음,VISA,https://api.card-gorilla.com:8080/storage/card/1024/card_img/21511/1024card.jpg
1025,현대카드 MY BUSINESS M Edition2,현대카드,"국내전용 35,000원 해외겸용 35,000원",전월실적50만원 이상,VISAmastercardUnionPay,https://api.card-gorilla.com:8080/storage/card/1025/card_img/21510/1025card.png
1026,현대카드 MY BUSINESS ZERO MOBILE(할인형),현대카드,"국내전용 10,000원 해외겸용 10,000원",전월실적없음,VISAUnionPay,https://api.card-gorilla.com:8080/storage/card/1026/card_img/21509/1026card.png
1027,대신증권 꼬박꼬박 롯데카드,롯데카드,"국내전용 5,000원 해외겸용 8,000원",전월실적없음,mastercard,https://api.card-gorilla.com:8080/storage/card/1027/card_img/21508/1027card.jpg
1028,현대카드 MY BUSINESS ZERO(할인형),현대카드,"국내전용 10,000원 해외겸용 10,000원",전월실적없음,VISAUnionPay,https://api.card-gorilla.com:8080/storage/card/1028/card_img/21507/1028card.png
1029,현대카드 MY BUSINESS X3 Edition2,현대카드,"국내전용 85,000원 해외겸용 85,000원",전월실적50만원 이상,VISAUnionPay,https://api.card-gorilla.com:8080/storage/card/1029/card_img/21506/1029card.png
1030,현대카드 MY BUSINESS X2 Edition2,현대카드,"국내전용 55,000원 해외겸용 60,000원",전월실적50만원 이상,VISA,https://api.card-gorilla.com:8080/storage/card/1030/card_img/21505/1030card.png
1031,현대카드 MY BUSINESS X Edition2,현대카드,"국내전용 55,000원 해외겸용 60,000원",전월실적50만원 이상,VISAUnionPay,https://api.card-gorilla.com:8080/storage/card/1031/card_img/21504/1031card.png
1032,후불하이패스 카드,하나카드,"국내전용 5,000원",전월실적없음,,https://api.card-gorilla.com:8080/storage/card/1032/card_img/21503/1032card.png
1033,현대렌탈서비스 하나카드,하나카드,"국내전용 20,000원 해외겸용 20,000원",전월실적30만원 이상,mastercard,https://api.card-gorilla.com:8080/storage/card/1033/card_img/21502/1033card.png
1034,SB롯데카드,롯데카드,"국내전용5,000원 해외겸용10,000원",전월실적50만원 이상,AMEX,https://api.card-gorilla.com:8080/storage/card/1034/card_img/21501/1034card.jpg
1035,한화손해보험 카드,하나카드,"국내전용 5,000원 해외겸용 5,000원",전월실적20만원 이상,mastercard,https://api.card-gorilla.com:8080/storage/card/1035/card_img/21500/1035card.png
1036,캐시비 롯데카드,롯데카드,"국내전용 5,000원",전월실적30만원 이상,,https://api.card-gorilla.com:8080/storage/card/1036/card_img/21499/1036card.jpg
1037,하나멤버스 1Q Hit1 카드,하나카드,"국내전용 30,000원 해외겸용 32,000원",전월실적30만원 이상,mastercardAMEX,https://api.card-gorilla.com:8080/storage/card/1037/card_img/21498/1037card.png
1038,SK 드라이빙패스 롯데카드,롯데카드,"국내전용8,000원 해외겸용12,000원",전월실적30만원 이상,mastercard,https://api.card-gorilla.com:8080/storage/card/1038/card_img/21497/1038card.jpg
1039,카카오페이 체크카드,광주은행,해외겸용 없음,전월실적없음,mastercard,https://api.card-gorilla.com:8080/storage/card/1039/card_img/21496/1039card.png
1040,컬쳐랜드 롯데카드,롯데카드,"국내전용 5,000원 해외겸용 8,000원",전월실적30만원 이상,VISA,https://api.card-gorilla.com:8080/storage/card/1040/card_img/21495/1040card.gif
1041,하나멤버스 1Q(원큐) 카드 Special,하나카드,"국내전용 8,000원 해외겸용 10,000원",전월실적30만원 이상,VISAmastercard,https://api.card-gorilla.com:8080/storage/card/1041/card_img/21494/1041card.png
1042,SK롯데 체크카드,롯데카드,국내전용 없음 해외겸용 없음,전월실적20만원 이상,VISA,https://api.card-gorilla.com:8080/storage/card/1042/card_img/21493/1042card.jpg
1043,불타는청춘 베테랑 체크카드,광주은행,해외겸용 없음,전월실적없음,mastercard,https://api.card-gorilla.com:8080/storage/card/1043/card_img/21492/1043card.png
1044,코리아패스 체크카드,롯데카드,국내전용 없음 해외겸용 없음,전월실적없음,VISA,https://api.card-gorilla.com:8080/storage/card/1044/card_img/21491/1044card.jpg
1045,멍이냥이 체크카드,광주은행,해외겸용 없음,전월실적없음,mastercard,https://api.card-gorilla.com:8080/storage/card/1045/card_img/21490/1045card.png
1046,여행스케치 아시아나클럽 체크카드,광주은행,해외겸용 없음,전월실적없음,mastercard,https://api.card-gorilla.com:8080/storage/card/1046/card_img/21489/1046card.png
1047,SUPER PLUS 체크카드,롯데카드,"국내전용 3,000원",전월실적20만원 이상,,https://api.card-gorilla.com:8080/storage/card/1047/card_img/21488/1047card.jpg
1048,코리아패스 카드,롯데카드,"국내전용 8,000원 해외겸용 10,000원",전월실적없음,VISA,https://api.card-gorilla.com:8080/storage/card/1048/card_img/21487/1048card.jpg
1049,모두투어 투어마일리지 롯데카드,롯데카드,"국내전용 5,000원 해외겸용 10,000원",전월실적20만원 이상,AMEX,https://api.card-gorilla.com:8080/storage/card/1049/card_img/21486/1049card.jpg
1050,K-CHECK 카드,광주은행,해외겸용 없음,전월실적20만원 이상,UnionPay,https://api.card-gorilla.com:8080/storage/card/1050/card_img/21485/1050card.png
1051,롯데손해보험 롯데카드,롯데카드,"해외겸용15,000원",전월실적1만원 이상,mastercard,https://api.card-gorilla.com:8080/storage/card/1051/card_img/21484/1051card.png
1052,코코몽 롯데카드,롯데카드,"국내전용 5,000원 해외겸용 10,000원",전월실적30만원 이상,mastercard,https://api.card-gorilla.com:8080/storage/card/1052/card_img/21483/1052card.png
1053,The CJ 롯데카드,롯데카드,"국내전용 5,000원 해외겸용6,000원",전월실적없음,VISA,https://api.card-gorilla.com:8080/storage/card/1053/card_img/21482/1053card.png
1054,대한적십자사 Give1004 롯데카드,롯데카드,"국내전용 5,000원 해외겸용 10,000원",전월실적없음,mastercard,https://api.card-gorilla.com:8080/storage/card/1054/card_img/21481/1054card.jpg
1055,우체국 하이브리드 여행 체크카드,우체국,해외겸용 없음,전월실적30만원 이상,VISA,https://api.card-gorilla.com:8080/storage/card/1055/card_img/21480/1055card.png
1056,쿠첸 프리미엄 롯데카드,롯데카드,"국내전용 12,000원",전월실적30만원 이상,,https://api.card-gorilla.com:8080/storage/card/1056/card_img/21479/1056card.jpg
1057,쿠쿠전자 렌탈 Free 롯데카드,롯데카드,"국내전용 12,000원",전월실적30만원 이상,,https://api.card-gorilla.com:8080/storage/card/1057/card_img/21478/1057card.png
1058,롯데영플 체크카드,롯데카드,국내전용 없음 해외겸용 없음,전월실적없음,VISA,https://api.card-gorilla.com:8080/storage/card/1058/card_img/21477/1058card.jpg
1059,에듀카 롯데카드,롯데카드,"해외겸용 5,000원",전월실적없음,mastercard,https://api.card-gorilla.com:8080/storage/card/1059/card_img/21476/1059card.jpg
1060,큐니걸스 롯데포인트플러스 카드,롯데카드,"국내전용 5,000원 해외겸용 7,000원",전월실적20만원 이상,VISA,https://api.card-gorilla.com:8080/storage/card/1060/card_img/21475/1060card.jpg
1061,Real? Real! 2 카드,Sh수협은행,"국내전용 10,000원 해외겸용 10,000원",전월실적30만원 이상,mastercardUnionPay,https://api.card-gorilla.com:8080/storage/card/1061/card_img/21474/1061card.png
1062,롯데월드 롯데카드,롯데카드,"국내전용 5,000원 해외겸용 10,000원",전월실적20만원 이상,mastercard,https://api.card-gorilla.com:8080/storage/card/1062/card_img/21473/1062card.jpg
1063,VIC마켓 롯데카드,롯데카드,"국내전용 10,000원 해외겸용15,000원",전월실적없음,VISA,https://api.card-gorilla.com:8080/storage/card/1063/card_img/21472/1063card.jpg
1065,미니골드 롯데카드,롯데카드,국내전용 없음 해외겸용 없음,전월실적20만원 이상,VISA,https://api.card-gorilla.com:8080/storage/card/1065/card_img/21471/1065card.jpg
1066,키자니아 롯데카드,롯데카드,"국내전용 10,000원",전월실적30만원 이상,,https://api.card-gorilla.com:8080/storage/card/1066/card_img/21470/1066card.jpg
1067,태평백화점 롯데카드,롯데카드,"국내전용 5,000원 해외겸용 10,000원",전월실적30만원 이상,VISA,https://api.card-gorilla.com:8080/storage/card/1067/card_img/21469/1067card.jpg
1068,트래블패스 비즈니스 카드,롯데카드,"해외겸용 120,000원",전월실적없음,VISA,https://api.card-gorilla.com:8080/storage/card/1068/card_img/21468/1068card.jpg
1070,위비마일(SKYPASS),우리카드,"국내전용 47,000원 해외겸용 49,000원",전월실적없음,BCmastercard,https://api.card-gorilla.com:8080/storage/card/1070/card_img/21467/1070card.png
1071,휘닉스 우리V카드,우리카드,"해외겸용 5,000원",전월실적30만원 이상,VISA,https://api.card-gorilla.com:8080/storage/card/1071/card_img/21466/1071card.png
1072,하나멤버스 1Q(원큐) 카드 Pay,하나카드,"국내전용 8,000원 해외겸용 10,000원",전월실적30만원 이상,VISAmastercard,https://api.card-gorilla.com:8080/storage/card/1072/card_img/21465/1072card.png
1073,KT 카드의정석 SUPER DC Ⅱ,우리카드,"국내전용 20,000원 해외겸용 20,000원",전월실적30만원 이상,BCmastercard,https://api.card-gorilla.com:8080/storage/card/1073/card_img/21464/1073card.png
1074,하나멤버스 1Q(원큐) 카드 Business,하나카드,"국내전용 8,000원 해외겸용 8,000원",전월실적30만원 이상,mastercardAMEXJCB,https://api.card-gorilla.com:8080/storage/card/1074/card_img/21463/1074card.png
1075,KB국민 MyBiz 기업체크카드,KB국민카드,국내전용 없음 해외겸용 없음,전월실적없음,VISAmastercard,https://api.card-gorilla.com:8080/storage/card/1075/card_img/21462/1075card.png
1076,iMBC 롯데카드,롯데카드,"국내전용 5,000원 해외겸용 8,000원",전월실적30만원 이상,mastercard,https://api.card-gorilla.com:8080/storage/card/1076/card_img/21461/1076card.jpg
1077,KB국민 그린기업카드,KB국민카드,해외겸용 없음,전월실적없음,mastercard,https://api.card-gorilla.com:8080/storage/card/1077/card_img/21460/1077card.png
1078,IMI 롯데카드,롯데카드,"국내전용 5,000원 해외겸용 8,000원",전월실적30만원 이상,mastercard,https://api.card-gorilla.com:8080/storage/card/1078/card_img/21459/1078card.jpg
1079,JTBC Golf 롯데카드,롯데카드,"국내전용 15,000원 해외겸용 20,000원",전월실적없음,mastercard,https://api.card-gorilla.com:8080/storage/card/1079/card_img/21458/1079card.jpg
1080,JTN 롯데카드,롯데카드,국내전용 없음 해외겸용 없음,전월실적30만원 이상,,https://api.card-gorilla.com:8080/storage/card/1080/card_img/21457/1080card.jpg
1081,KB캐피탈 롯데포인트플러스 카드,롯데카드,"국내전용 5,000원 해외겸용 10,000원",전월실적없음,mastercard,https://api.card-gorilla.com:8080/storage/card/1081/card_img/21456/1081card.jpg
1082,하나멤버스 1Q(원큐) 카드 ALL in,하나카드,"국내전용 28,000원 해외겸용 30,000원",전월실적30만원 이상,VISAmastercard,https://api.card-gorilla.com:8080/storage/card/1082/card_img/21455/1082card.png
1083,하나멤버스 1Q(원큐) Play1 (플레이원) 카드,하나카드,"국내전용 10,000원 해외겸용 12,000원",전월실적없음,mastercard,https://api.card-gorilla.com:8080/storage/card/1083/card_img/21343/1083card.png
1084,KDB다이렉트보험 P+410 롯데카드,롯데카드,"국내전용 10,000원 해외겸용 15,000원",전월실적없음,mastercard,https://api.card-gorilla.com:8080/storage/card/1084/card_img/21341/1084card.jpg
1085,우체국 후불 하이패스 카드,우체국,"국내전용 5,000원",전월실적없음,BC,https://api.card-gorilla.com:8080/storage/card/1085/card_img/21339/1085card.png
1086,KDB롯데체크카드,롯데카드,국내전용 없음 해외겸용 없음,전월실적없음,VISA,https://api.card-gorilla.com:8080/storage/card/1086/card_img/21338/1086card.jpg
1087,KT 클립 Super 스마트 롯데카드,롯데카드,"국내전용 23,000원 해외겸용 25,000원",전월실적30만원 이상,mastercard,https://api.card-gorilla.com:8080/storage/card/1087/card_img/21337/1087card.png
1088,KTF 멤버스 롯데카드,롯데카드,"해외겸용 10,000원",전월실적30만원 이상,mastercard,https://api.card-gorilla.com:8080/storage/card/1088/card_img/21336/1088card.jpg
1089,LG전자 베스트샵 롯데카드,롯데카드,"국내전용 5,000원 해외겸용 7,000원",전월실적20만원 이상,mastercard,https://api.card-gorilla.com:8080/storage/card/1089/card_img/21335/1089card.png
1090,LG전자 베스트샵 멤버십 롯데카드,롯데카드,"국내전용 10,000원 해외겸용 15,000원",전월실적50만원 이상,mastercard,https://api.card-gorilla.com:8080/storage/card/1090/card_img/21334/1090card.png
1091,LG패션 롯데카드,롯데카드,"국내전용 5,000원 해외겸용 7,000원",전월실적20만원 이상,mastercard,https://api.card-gorilla.com:8080/storage/card/1091/card_img/21333/1091card.jpg
1092,MG손해보험 롯데카드,롯데카드,"국내전용 10,000원 해외겸용 15,000원",전월실적20만원 이상,VISA,https://api.card-gorilla.com:8080/storage/card/1092/card_img/21332/1092card.jpg
1093,New 위메프 롯데카드,롯데카드,"국내전용 5,000원 해외겸용 10,000원",전월실적20만원 이상,VISA,https://api.card-gorilla.com:8080/storage/card/1093/card_img/21331/1093card.jpg
1094,NRC롯데카드,롯데카드,"국내전용 5,000원 해외겸용 20,000원",전월실적없음,mastercard,https://api.card-gorilla.com:8080/storage/card/1094/card_img/21330/1094card.jpg
1095,NRC프리미엄롯데카드,롯데카드,"국내전용 5,000원 해외겸용 10,000원",전월실적없음,mastercard,https://api.card-gorilla.com:8080/storage/card/1095/card_img/21329/1095card.jpg
1096,OK Cashbag 롯데카드,롯데카드,"국내전용 7,000원 해외겸용 10,000원",전월실적20만원 이상,mastercard,https://api.card-gorilla.com:8080/storage/card/1096/card_img/21319/1096card.jpg
1097,SBS골프 롯데카드,롯데카드,"국내전용 25,000원 해외겸용 30,000원",전월실적30만원 이상,VISA,https://api.card-gorilla.com:8080/storage/card/1097/card_img/21318/1097card.jpg
1098,NH농협증권 롯데체크카드,롯데카드,국내전용 없음 해외겸용 없음,전월실적없음,VISA,https://api.card-gorilla.com:8080/storage/card/1098/card_img/21316/1098card.jpg
1099,Oh! point 롯데 포인트플러스 체크카드,롯데카드,국내전용 없음,전월실적없음,,https://api.card-gorilla.com:8080/storage/card/1099/card_img/21315/1099card.jpg
1100,Olleh Super DC 롯데카드,롯데카드,"국내전용 10,000원 해외겸용 10,000원",전월실적30만원 이상,UnionPay,https://api.card-gorilla.com:8080/storage/card/1100/card_img/21311/1100card.jpg
1101,Olleh Super Save 롯데카드,롯데카드,"국내전용 10,000원 해외겸용 10,000원",전월실적30만원 이상,UnionPay,https://api.card-gorilla.com:8080/storage/card/1101/card_img/21310/1101card.jpg
1102,Olleh 스마트세이브 롯데카드,롯데카드,"해외겸용 10,000원",전월실적없음,mastercard,https://api.card-gorilla.com:8080/storage/card/1102/card_img/21309/1102card.jpg
1103,olleh-롯데카드,롯데카드,"해외겸용 5,000원",전월실적30만원 이상,mastercard,https://api.card-gorilla.com:8080/storage/card/1103/card_img/21308/1103card.jpg
1104,PAT/NEPA/ELLE GOLF 롯데카드,롯데카드,"국내전용 5,000원 해외겸용 10,000원",전월실적30만원 이상,mastercard,https://api.card-gorilla.com:8080/storage/card/1104/card_img/21301/1104card.jpg
1105,ROTC중앙회 롯데체크카드,롯데카드,국내전용 없음 해외겸용 없음,전월실적없음,VISA,https://api.card-gorilla.com:8080/storage/card/1105/card_img/21300/1105card.jpg
1106,ROTC중앙회 멤버십 롯데VEEX 카드,롯데카드,"국내전용 없음 해외겸용 5,000원",전월실적없음,VISA,https://api.card-gorilla.com:8080/storage/card/1106/card_img/21299/1106card.jpg
1107,SK스마트 롯데카드,롯데카드,"해외겸용 10,000원",전월실적20만원 이상,mastercard,https://api.card-gorilla.com:8080/storage/card/1107/card_img/21298/1107card.jpg
1108,SUPER PLUS 카드,롯데카드,"해외겸용 12,000원",전월실적20만원 이상,AMEX,https://api.card-gorilla.com:8080/storage/card/1108/card_img/21297/1108card.jpg
1109,S-OIL보너스 롯데카드,롯데카드,"해외겸용 12,000원",전월실적10만원 이상,VISA,https://api.card-gorilla.com:8080/storage/card/1109/card_img/21296/1109card.jpg
1110,TGIF 롯데카드,롯데카드,"해외겸용 10,000원",전월실적10만원 이상,VISA,https://api.card-gorilla.com:8080/storage/card/1110/card_img/21295/1110card.jpg
1111,SKYPASS 롯데카드,롯데카드,"해외겸용 20,000원",전월실적없음,mastercard,https://api.card-gorilla.com:8080/storage/card/1111/card_img/21294/1111card.png
1112,(사)한국청소년진흥협회 롯데카드 아임조이풀,롯데카드,"국내전용 15,000원 해외겸용 15,000원",전월실적50만원 이상,VISAmastercardAMEX,https://api.card-gorilla.com:8080/storage/card/1112/card_img/21293/1112card.png
1113,11번가 ShoppingMaster 롯데카드,롯데카드,"국내전용 5,000원 해외겸용 10,000원",전월실적40만원 이상,mastercard,https://api.card-gorilla.com:8080/storage/card/1113/card_img/21292/1113card.jpg
1114,11번가 쇼핑마스터 롯데체크카드,롯데카드,국내전용 없음 해외겸용 없음,전월실적20만원 이상,,https://api.card-gorilla.com:8080/storage/card/1114/card_img/21291/1114card.jpg
1115,Smart 렌탈 대림케어 롯데카드,롯데카드,"국내전용 10,000원",전월실적30만원 이상,,https://api.card-gorilla.com:8080/storage/card/1115/card_img/21290/1115card.png
1116,ABC마트 롯데카드,롯데카드,"해외겸용 5,000원",전월실적10만원 이상,mastercard,https://api.card-gorilla.com:8080/storage/card/1116/card_img/21289/1116card.jpg
1117,ABN아름방송 롯데카드,롯데카드,"국내전용 10,000원 해외겸용 15,000원",전월실적30만원 이상,VISA,https://api.card-gorilla.com:8080/storage/card/1117/card_img/21288/1117card.gif
1118,AJ렌터카 드라이빙 패스 롯데카드,롯데카드,"국내전용 8,000원 해외겸용 12,000원",전월실적30만원 이상,mastercard,https://api.card-gorilla.com:8080/storage/card/1118/card_img/21287/1118card.jpg
1119,7 Unit 카드,롯데카드,"국내전용 2,500원 해외겸용 3,000원",전월실적없음,mastercardAMEX,https://api.card-gorilla.com:8080/storage/card/1119/card_img/21286/1119card.png
1120,AXA 롯데카드,롯데카드,"해외겸용 10,000원",전월실적없음,mastercard,https://api.card-gorilla.com:8080/storage/card/1120/card_img/21285/1120card.png
1121,BNK AUTO 롯데카드,롯데카드,"국내전용 5,000원 해외겸용 10,000원",전월실적40만원 이상,VISA,https://api.card-gorilla.com:8080/storage/card/1121/card_img/21284/1121card.jpg
1122,CGV 롯데포인트플러스 카드,롯데카드,"국내전용 5,000원 해외겸용 10,000원",전월실적10만원 이상,mastercard,https://api.card-gorilla.com:8080/storage/card/1122/card_img/21283/1122card.png
1123,CJ헬로비전 롯데카드,롯데카드,"국내전용 5,000원 해외겸용 7,000원",전월실적20만원 이상,AMEX,https://api.card-gorilla.com:8080/storage/card/1123/card_img/21282/1123card.jpg
1124,CMB 롯데카드,롯데카드,"국내전용 5,000원 해외겸용 8,000원",전월실적30만원 이상,mastercard,https://api.card-gorilla.com:8080/storage/card/1124/card_img/21281/1124card.jpg
1125,coway PayFree 롯데카드,롯데카드,"국내전용 5,000원 해외겸용 10,000원",전월실적20만원 이상,VISA,https://api.card-gorilla.com:8080/storage/card/1125/card_img/21280/1125card.png
1126,DC PASS 롯데카드,롯데카드,"국내전용 5,000원 해외겸용 10,000원",전월실적30만원 이상,mastercard,https://api.card-gorilla.com:8080/storage/card/1126/card_img/21279/1126card.jpg
1127,DC Supreme 카드,롯데카드,"국내전용 10,000원 해외겸용 10,000원",전월실적60만원 이상,VISAmastercardAMEXUnionPayJCB,https://api.card-gorilla.com:8080/storage/card/1127/card_img/21278/1127card.png
1128,DC Sweet 롯데카드,롯데카드,"국내전용 5,000원 해외겸용 5,000원",전월실적20만원 이상,mastercard,https://api.card-gorilla.com:8080/storage/card/1128/card_img/21277/1128card.jpg
1129,DC 클릭카드,롯데카드,"국내전용 10,000원 해외겸용 10,000원 해외겸용 골드등급 15,000원",전월실적20만원 이상,VISAmastercardAMEX,https://api.card-gorilla.com:8080/storage/card/1129/card_img/22662/1129card.png
1130,DC 클릭카드 삼성페이,롯데카드,"국내전용 10,000원",전월실적20만원 이상,,https://api.card-gorilla.com:8080/storage/card/1130/card_img/22658/1130card.jpg
1131,DC스마트 카드,롯데카드,"국내전용 10,000원 해외겸용 10,000원 해외겸용 골드등급 15,000원",전월실적60만원 이상,VISAmastercardAMEXUnionPay,https://api.card-gorilla.com:8080/storage/card/1131/card_img/21247/1131card.png
1132,DC카드,롯데카드,"해외겸용 10,000원 해외겸용 골드등급 15,000원",전월실적10만원 이상,VISAmastercard,https://api.card-gorilla.com:8080/storage/card/1132/card_img/21244/1132card.jpg
1133,DC플러스 PiTaPa 카드,롯데카드,"해외겸용 10,000원",전월실적20만원 이상,VISA,https://api.card-gorilla.com:8080/storage/card/1133/card_img/21242/1133card.jpg
1134,Diver’s 플래티넘 카드-다이버 상해보험 전용,롯데카드,"국내전용 45,000원 해외겸용 50,000원",전월실적없음,VISA,https://api.card-gorilla.com:8080/storage/card/1134/card_img/21241/1134card.png
1135,Diver’s 플래티넘 카드-보너스플라이어마일 적립전용,롯데카드,"국내전용 45,000원 해외겸용 50,000원",전월실적없음,VISA,https://api.card-gorilla.com:8080/storage/card/1135/card_img/21239/1135card.png
1136,Driving Pass 카드,롯데카드,"국내전용 8,000원 해외겸용 12,000원",전월실적30만원 이상,VISAmastercardAMEX,https://api.card-gorilla.com:8080/storage/card/1136/card_img/21238/1136card.png
1137,EBS교육방송 롯데카드,롯데카드,"국내전용 7,000원 해외겸용 10,000원",전월실적40만원 이상,VISA,https://api.card-gorilla.com:8080/storage/card/1137/card_img/21233/1137card.jpg
1138,파스퇴르 아이 롯데카드,롯데카드,"국내전용 5,000원 해외겸용 7,000원",전월실적20만원 이상,mastercard,https://api.card-gorilla.com:8080/storage/card/1138/card_img/21230/1138card.jpg
1139,elLOTTE 카드,롯데카드,"국내전용 12,000원 해외겸용 15,000원",전월실적30만원 이상,VISAAMEX,https://api.card-gorilla.com:8080/storage/card/1139/card_img/21228/1139card.png
1140,E-PASS 롯데카드,롯데카드,"국내전용 10,000원 해외겸용 15,000원",전월실적30만원 이상,mastercard,https://api.card-gorilla.com:8080/storage/card/1140/card_img/21227/1140card.jpg
1141,EXR 롯데포인트플러스 카드,롯데카드,"국내전용 5,000원 해외겸용 6,000원",전월실적20만원 이상,VISA,https://api.card-gorilla.com:8080/storage/card/1141/card_img/21226/1141card.jpg
1142,패션플러스 롯데포인트플러스카드,롯데카드,"국내전용 5,000원 해외겸용 7,000원",전월실적20만원 이상,VISA,https://api.card-gorilla.com:8080/storage/card/1142/card_img/21225/1142card.png
1143,GS25 롯데카드,롯데카드,"국내전용 5,000원 해외겸용 6,000원",전월실적10만원 이상,VISA,https://api.card-gorilla.com:8080/storage/card/1143/card_img/21224/1143card.jpg
1144,GS칼텍스 롯데카드,롯데카드,"해외겸용 12,000원",전월실적10만원 이상,VISA,https://api.card-gorilla.com:8080/storage/card/1144/card_img/21223/1144card.jpg
1145,G마켓 롯데카드,롯데카드,"국내전용 5,000원 해외겸용 10,000원",전월실적20만원 이상,mastercard,https://api.card-gorilla.com:8080/storage/card/1145/card_img/21222/1145card.jpg
1146,Hi-pass 행복 롯데카드,롯데카드,"국내전용 12,000원 해외겸용 15,000원",전월실적30만원 이상,VISA,https://api.card-gorilla.com:8080/storage/card/1146/card_img/21220/1146card.jpg
1147,I♥HoNam DC플러스카드,롯데카드,"국내전용 10,000원 해외겸용 10,000원",전월실적20만원 이상,VISAmastercardAMEX,https://api.card-gorilla.com:8080/storage/card/1147/card_img/21217/1147card.jpg
1148,I♥공주 드라이빙 패스 롯데카드,롯데카드,"국내전용 8,000원 해외겸용 12,000원",전월실적30만원 이상,mastercard,https://api.card-gorilla.com:8080/storage/card/1148/card_img/21215/1148card.jpg
1149,삼성 iD 달달할인,삼성카드,"국내전용 29,000원 해외겸용 29,000원",전월실적50만원 이상,mastercard,https://api.card-gorilla.com:8080/storage/card/1149/card_img/27718/1149card.png
1150,에르고다음 롯데포인트플러스 카드,롯데카드,"국내전용 5,000원 해외겸용 5,000원",전월실적없음,VISA,https://api.card-gorilla.com:8080/storage/card/1150/card_img/21210/1150card.jpg
1151,엔조이뉴욕 롯데카드,롯데카드,"국내전용 5,000원 해외겸용 7,000원",전월실적없음,mastercard,https://api.card-gorilla.com:8080/storage/card/1151/card_img/21156/1151card.jpg
1152,KB국민 주유전용기업카드,KB국민카드,국내전용 없음,전월실적없음,,https://api.card-gorilla.com:8080/storage/card/1152/card_img/21155/1152card.png
1153,KB국민 하이패스 주유 기업카드,KB국민카드,국내전용 없음,전월실적없음,,https://api.card-gorilla.com:8080/storage/card/1153/card_img/21154/1153card.png
1154,MyBiz Up 기업카드,KB국민카드,국내전용 없음 해외겸용 없음,전월실적100만원 이상,VISAmastercard,https://api.card-gorilla.com:8080/storage/card/1154/card_img/21153/1154card.png
1155,Easy shopping 카드,KB국민카드,"국내전용 15,000원 해외겸용 15,000원",전월실적50만원 이상,mastercardJCB,https://api.card-gorilla.com:8080/storage/card/1155/card_img/21152/1155card.png
1156,YES24 Mania롯데카드,롯데카드,"국내전용 7,000원 해외겸용10,000원",전월실적없음,mastercard,https://api.card-gorilla.com:8080/storage/card/1156/card_img/21151/1156card.jpg
1157,하나멤버스 1Q 카드 Special Auto,하나카드,"국내전용 10,000원 해외겸용 12,000원",전월실적30만원 이상,VISAmastercardUnionPayJCB,https://api.card-gorilla.com:8080/storage/card/1157/card_img/21150/1157card.png
1158,엘지생활건강 롯데포인트플러스카드,롯데카드,"국내전용 5,000원 해외겸용 7,000원",전월실적없음,VISA,https://api.card-gorilla.com:8080/storage/card/1158/card_img/21149/1158card.jpg
1159,개인택시 운송사업자 롯데카드,롯데카드,국내전용 없음 해외겸용 없음,전월실적30만원 이상,mastercard,https://api.card-gorilla.com:8080/storage/card/1159/card_img/21148/1159card.png
1160,하나멤버스 1Q(원큐) Tour1 카드,하나카드,"국내전용 15,000원 해외겸용 17,000원",전월실적없음,mastercard,https://api.card-gorilla.com:8080/storage/card/1160/card_img/21147/1160card.png
1161,Get100카드,KB국민카드,"국내전용 15,000원 해외겸용 15,000원",전월실적50만원 이상,VISAUnionPayJCB,https://api.card-gorilla.com:8080/storage/card/1161/card_img/21146/1161card.png
1162,Get100 체크카드,KB국민카드,국내전용 없음,전월실적30만원 이상,,https://api.card-gorilla.com:8080/storage/card/1162/card_img/21145/1162card.png
1163,경차 smart 롯데체크카드,롯데카드,국내전용 없음,전월실적없음,,https://api.card-gorilla.com:8080/storage/card/1163/card_img/21144/1163card.png
1164,ONE KB국민 기업카드,KB국민카드,"국내전용 5,000원 해외겸용 10,000원",전월실적없음,VISA,https://api.card-gorilla.com:8080/storage/card/1164/card_img/21143/1164card.png
1165,골프존 롯데카드,롯데카드,"국내전용 10,000원 해외겸용15,000원",전월실적40만원 이상,mastercard,https://api.card-gorilla.com:8080/storage/card/1165/card_img/21142/1165card.jpg
1167,엠비에이(MBA) 카드,롯데카드,"국내전용 195,000원 해외겸용 200,000원",전월실적없음,VISA,https://api.card-gorilla.com:8080/storage/card/1167/card_img/21141/1167card.png
1168,IBK 웰릭스 카드,IBK기업은행,"국내전용 15,000원 해외겸용 15,000원",전월실적30만원 이상,BCUnionPay,https://api.card-gorilla.com:8080/storage/card/1168/card_img/21140/1168card.jpg
1169,교보문고 롯데체크카드,롯데카드,국내전용 없음,전월실적없음,,https://api.card-gorilla.com:8080/storage/card/1169/card_img/21139/1169card.jpg
1170,이사배 카드,IBK기업은행,국내전용 없음 해외겸용 없음,전월실적30만원 이상,BCUnionPay,https://api.card-gorilla.com:8080/storage/card/1170/card_img/21138/1170card.png
1171,H.Point KB국민카드,KB국민카드,"해외겸용 12,000원",전월실적없음,mastercardJCB,https://api.card-gorilla.com:8080/storage/card/1171/card_img/21137/1171card.png
1172,하나로마트 하나카드,하나카드,"해외겸용 15,000원",전월실적30만원 이상,VISAJCB,https://api.card-gorilla.com:8080/storage/card/1172/card_img/21136/1172card.png
1173,교보문고 핫트랙스 롯데카드,롯데카드,"국내전용 5,000원 해외겸용10,000원",전월실적없음,VISA,https://api.card-gorilla.com:8080/storage/card/1173/card_img/21135/1173card.jpg
1174,하나 원큐 카드,하나카드,"국내전용 15,000원 해외겸용 15,000원",전월실적없음,VISA,https://api.card-gorilla.com:8080/storage/card/1174/card_img/21134/1174card.png
1175,딩딩 신용카드,BNK부산은행,"국내전용 7,000원 해외겸용 10,000원",전월실적30만원 이상,VISAUnionPayJCB,https://api.card-gorilla.com:8080/storage/card/1175/card_img/21133/1175card.png
1176,프리미엄 GS POP 하나카드,하나카드,"국내전용 18,000원 해외겸용 20,000원",전월실적없음,mastercard,https://api.card-gorilla.com:8080/storage/card/1176/card_img/21132/1176card.png
1177,BNK 부자되세요 홈쇼핑카드,BNK부산은행,"해외겸용 2,000원",전월실적20만원 이상,VISAmastercardUnionPayJCB,https://api.card-gorilla.com:8080/storage/card/1177/card_img/21131/1177card.png
1178,BNK 청춘불패 369(Oh!point)체크카드,BNK부산은행,"국내전용 1,000원",전월실적20만원 이상,,https://api.card-gorilla.com:8080/storage/card/1178/card_img/21130/1178card.png
1179,교원 베이비 롯데카드,롯데카드,"국내전용 10,000원 해외겸용15,000원",전월실적없음,VISA,https://api.card-gorilla.com:8080/storage/card/1179/card_img/21129/1179card.jpg
1180,풀무원 하나카드,하나카드,"국내전용 20,000원 해외겸용 23,000원",전월실적50만원 이상,mastercard,https://api.card-gorilla.com:8080/storage/card/1180/card_img/21128/1180card.png
1181,여인닷컴 롯데DC플러스카드,롯데카드,"해외겸용 10,000원",전월실적없음,VISA,https://api.card-gorilla.com:8080/storage/card/1181/card_img/21127/1181card.jpg
1182,옥토 CMA 샤롯데카드,롯데카드,"해외겸용 20,000원",전월실적없음,VISA,https://api.card-gorilla.com:8080/storage/card/1182/card_img/21126/1182card.jpg
1183,교원DC 롯데카드,롯데카드,"국내전용 5,000원 해외겸용10,000원",전월실적없음,VISA,https://api.card-gorilla.com:8080/storage/card/1183/card_img/21125/1183card.jpg
1184,Z:IN 인테리어 신한카드,신한카드,"국내전용 22,000원 해외겸용 25,000원",전월실적없음,mastercard,https://api.card-gorilla.com:8080/storage/card/1184/card_img/21124/1184card.png
1185,골든라이프 티타늄카드,KB국민카드,"해외겸용 40,000원",전월실적30만원 이상,mastercard,https://api.card-gorilla.com:8080/storage/card/1185/card_img/21123/1185card.png
1187,THE BOON SVIP 신한카드,신한카드,"국내전용 197,000원 해외겸용 200,000원",전월실적없음,VISA,https://api.card-gorilla.com:8080/storage/card/1187/card_img/21121/1187card.png
1188,펫 사랑 카드,하나카드,"국내전용 15,000원 해외겸용 15,000원",전월실적30만원 이상,VISA,https://api.card-gorilla.com:8080/storage/card/1188/card_img/21120/1188card.png
1189,SK렌터카 신한카드 MY CAR,신한카드,"국내전용 27,000원 해외겸용 30,000원",전월실적없음,mastercard,https://api.card-gorilla.com:8080/storage/card/1189/card_img/21119/1189card.png
1190,SKT T라이트 신한카드,신한카드,"국내전용 22,000원 해외겸용 25,000원",전월실적30만원 이상,mastercard,https://api.card-gorilla.com:8080/storage/card/1190/card_img/21118/1190card.png
1191,olleh 슈퍼 DC(Super DC) 신한카드 빅플러스,신한카드,"해외겸용 12,000원",전월실적30만원 이상,mastercard,https://api.card-gorilla.com:8080/storage/card/1191/card_img/21117/1191card.png
1192,LG U+ 스마트플랜 Plus 신한카드,신한카드,"국내전용 22,000원 해외겸용 25,000원",전월실적없음,mastercard,https://api.card-gorilla.com:8080/storage/card/1192/card_img/21116/1192card.png
1193,LG U+ 사장님 통할인 신한카드,신한카드,"해외겸용 35,000원",전월실적70만원 이상,mastercard,https://api.card-gorilla.com:8080/storage/card/1193/card_img/21115/1193card.png
1194,LG U+ Smart 10 신한카드 Big Plus,신한카드,"해외겸용 10,000원",전월실적40만원 이상,mastercard,https://api.card-gorilla.com:8080/storage/card/1194/card_img/21114/1194card.png
1195,LG BEST 모바일 Gold 신한카드,신한카드,"국내전용 22,000원 해외겸용 25,000원",전월실적없음,mastercard,https://api.card-gorilla.com:8080/storage/card/1195/card_img/21113/1195card.png
1196,KT Super할부 Plus 신한카드,신한카드,"국내전용 22,000원 해외겸용 25,000원",전월실적없음,mastercard,https://api.card-gorilla.com:8080/storage/card/1196/card_img/21112/1196card.png
1197,KBO제휴 신한카드 MY KBO,신한카드,"해외겸용 11,000원",전월실적없음,mastercardUnionPay,https://api.card-gorilla.com:8080/storage/card/1197/card_img/21111/1197card.png
1198,IKEA for Business with 신한카드,신한카드,"국내전용 27,000원 해외겸용 30,000원",전월실적50만원 이상,VISA,https://api.card-gorilla.com:8080/storage/card/1198/card_img/21110/1198card.png
1199,GS칼텍스 신한카드 BigPlus,신한카드,"국내전용 5,000원 해외겸용 7,000원",전월실적20만원 이상,VISAmastercardJCB,https://api.card-gorilla.com:8080/storage/card/1199/card_img/21109/1199card.png
1200,GS칼텍스 신한카드 BigPlus Smart,신한카드,"국내전용 5,000원 해외겸용 7,000원",전월실적20만원 이상,VISAmastercardJCB,https://api.card-gorilla.com:8080/storage/card/1200/card_img/21108/1200card.png
1201,BC 부자되세요 홈쇼핑 신한카드,신한카드,"해외겸용 7,000원",전월실적20만원 이상,UnionPay,https://api.card-gorilla.com:8080/storage/card/1201/card_img/21107/1201card.png
1202,부산 동백전 체크카드,BNK부산은행,국내전용 없음,전월실적20만원 이상,BC,https://api.card-gorilla.com:8080/storage/card/1202/card_img/21106/1202card.png
1203,콘텐츠박스 1Q(원큐) 카드 Daily,하나카드,"국내전용 8,000원 해외겸용 10,000원",전월실적10만원 이상,mastercard,https://api.card-gorilla.com:8080/storage/card/1203/card_img/21105/1203card.png
1204,코웨이 하나카드,하나카드,"국내전용 10,000원 해외겸용 12,000원",전월실적30만원 이상,VISA,https://api.card-gorilla.com:8080/storage/card/1204/card_img/21104/1204card.png
1205,청호나이스 플러스 하나카드,하나카드,"해외겸용 12,000원",전월실적30만원 이상,mastercardJCB,https://api.card-gorilla.com:8080/storage/card/1205/card_img/21103/1205card.png
1206,청년취업카드 하나멤버스 Mega BC 체크카드,하나카드,없음,전월실적25만원 이상,VISA,https://api.card-gorilla.com:8080/storage/card/1206/card_img/21102/1206card.png
1207,이랜드 클럽 신용카드,하나카드,"국내전용 8,000원 해외겸용 10,000원",전월실적없음,mastercard,https://api.card-gorilla.com:8080/storage/card/1207/card_img/21101/1207card.png
1208,캐쉬백카드,BNK부산은행,"해외겸용 2,000원",전월실적30만원 이상,VISABCBC GlobalmastercardUnionPay,https://api.card-gorilla.com:8080/storage/card/1208/card_img/21100/1208card.png
1209,BNK 프렌즈 신용카드,BNK부산은행,"해외겸용 10,000원",전월실적없음,BC Globalmastercard,https://api.card-gorilla.com:8080/storage/card/1209/card_img/21099/1209card.png
1210,이랜드 클럽 체크카드,하나카드,국내전용 없음 해외겸용 없음,전월실적없음,mastercard,https://api.card-gorilla.com:8080/storage/card/1210/card_img/21098/1210card.png
1211,윙고 장학재단 체크카드,하나카드,없음,전월실적10만원 이상,mastercard,https://api.card-gorilla.com:8080/storage/card/1211/card_img/21097/1211card.png
1212,현대홈쇼핑 삼성지엔미포인트카드,삼성카드,"해외겸용 12,000원",전월실적없음,VISA,https://api.card-gorilla.com:8080/storage/card/1212/card_img/21096/1212card.png
1213,펫(PET)카드,BNK부산은행,"국내전용 10,000원 해외겸용 12,000원",전월실적40만원 이상,BCmastercard,https://api.card-gorilla.com:8080/storage/card/1213/card_img/21095/1213card.png
1214,웰릭스렌탈 하나카드,하나카드,"해외겸용 12,000원",전월실적30만원 이상,mastercardJCB,https://api.card-gorilla.com:8080/storage/card/1214/card_img/21094/1214card.png
1215,아모레퍼시픽 카드,하나카드,"국내전용 10,000원 해외겸용 12,000원",전월실적30만원 이상,VISA,https://api.card-gorilla.com:8080/storage/card/1215/card_img/21093/1215card.png
1216,썸뱅크 체크카드,BNK부산은행,국내전용 없음 해외겸용 없음,전월실적20만원 이상,BCmastercard,https://api.card-gorilla.com:8080/storage/card/1216/card_img/21092/1216card.png
1217,현대홈쇼핑 삼성애니패스포인트카드,삼성카드,"해외겸용 12,000원",전월실적없음,VISA,https://api.card-gorilla.com:8080/storage/card/1217/card_img/21091/1217card.png
1218,현대하이카다이렉트 삼성카드 7,삼성카드,"국내전용 18,000원 해외겸용 20,000원",전월실적없음,AMEX,https://api.card-gorilla.com:8080/storage/card/1218/card_img/21090/1218card.png
1219,헬로모바일 삼성카드 2,삼성카드,"해외겸용 12,000원",전월실적30만원 이상,mastercard,https://api.card-gorilla.com:8080/storage/card/1219/card_img/21089/1219card.png
1220,BNK 부자되세요 아파트카드,BNK부산은행,"국내전용 5,000원 해외겸용 10,000원",전월실적40만원 이상,BCmastercard,https://api.card-gorilla.com:8080/storage/card/1220/card_img/21088/1220card.png
1221,한화이글스 삼성카앤모아카드,삼성카드,"국내전용 8,000원 해외겸용 10,000원",전월실적20만원 이상,,https://api.card-gorilla.com:8080/storage/card/1221/card_img/21087/1221card.png
1222,BNK 2030 플래티늄카드(실버),BNK부산은행,"해외겸용 18,000원",전월실적40만원 이상,VISABCBC Global,https://api.card-gorilla.com:8080/storage/card/1222/card_img/21086/1222card.png
1223,한화손해보험카젠 삼성애니패스포인트카드,삼성카드,"국내전용 8,000원 해외겸용 10,000원",전월실적30만원 이상,mastercard,https://api.card-gorilla.com:8080/storage/card/1223/card_img/21085/1223card.png
1224,한마음 패밀리 삼성티클래스카드,삼성카드,"해외겸용 20,000원",전월실적30만원 이상,,https://api.card-gorilla.com:8080/storage/card/1224/card_img/21084/1224card.png
1225,KB국민 윙크카드,KB국민카드,"국내전용 20,000원 해외겸용 20,000원",전월실적50만원 이상,mastercard,https://api.card-gorilla.com:8080/storage/card/1225/card_img/21083/1225card.png
1226,롯데청주영플 체크카드,롯데카드,해외겸용 없음,전월실적없음,VISA,https://api.card-gorilla.com:8080/storage/card/1226/card_img/21082/1226card.jpg
1227,한국투자증권CMA 삼성체크카드,삼성카드,국내전용 없음 해외겸용 없음,전월실적30만원 이상,VISA,https://api.card-gorilla.com:8080/storage/card/1227/card_img/21081/1227card.png
1228,하이증권CMA 삼성체크카드,삼성카드,국내전용 없음 해외겸용 없음,전월실적30만원 이상,VISA,https://api.card-gorilla.com:8080/storage/card/1228/card_img/21080/1228card.png
1229,kt M mobile카드,KB국민카드,"해외겸용 15,000원",전월실적30만원 이상,mastercardJCB,https://api.card-gorilla.com:8080/storage/card/1229/card_img/21079/1229card.png
1230,LGU＋ 심플라이트카드,KB국민카드,"해외겸용 15,000원",전월실적30만원 이상,mastercardJCB,https://api.card-gorilla.com:8080/storage/card/1230/card_img/21078/1230card.png
1231,BNK 2030 플래티늄카드(골드),BNK부산은행,"해외겸용 68,000원",전월실적40만원 이상,VISABCBC Global,https://api.card-gorilla.com:8080/storage/card/1231/card_img/21077/1231card.png
1232,플러스모바일 삼성카드 2,삼성카드,"국내전용 10,000원 해외겸용 12,000원",전월실적30만원 이상,,https://api.card-gorilla.com:8080/storage/card/1232/card_img/21076/1232card.png
1233,LG전자 KB국민카드,KB국민카드,"해외겸용 15,000원",전월실적30만원 이상,mastercardJCB,https://api.card-gorilla.com:8080/storage/card/1233/card_img/21075/1233card.png
1234,롯데카드 웨어러블(기본),롯데카드,"국내전용 3,000 원",전월실적없음,,https://api.card-gorilla.com:8080/storage/card/1234/card_img/21074/1234card.png
1235,테크노마트 삼성빅앤빅카드,삼성카드,"해외겸용 20,000원",전월실적30만원 이상,AMEX,https://api.card-gorilla.com:8080/storage/card/1235/card_img/21073/1235card.png
1236,BNK카드,BNK부산은행,"해외겸용 10,000원",전월실적없음,mastercardUnionPay,https://api.card-gorilla.com:8080/storage/card/1236/card_img/21072/1236card.png
1237,롯데카드 웨어러블(디씨레빗),롯데카드,"국내전용 3,000 원",전월실적없음,,https://api.card-gorilla.com:8080/storage/card/1237/card_img/21071/1237card.png
1238,동부화재 롯데카드,롯데카드,"국내전용 5,000원 해외겸용 10,000원",전월실적없음,VISA,https://api.card-gorilla.com:8080/storage/card/1238/card_img/21070/1238card.jpg
1239,롯데카드 웨어러블(로카&로카박스/피겨),롯데카드,"국내전용 3,000 원 해외겸용 3,500원",전월실적없음,VISA,https://api.card-gorilla.com:8080/storage/card/1239/card_img/21069/1239card.png
1240,STARTLUCK 카드,KB국민카드,"국내전용 3,000원 해외겸용 5,000원",전월실적10만원 이상,VISAmastercard,https://api.card-gorilla.com:8080/storage/card/1240/card_img/21068/1240card.png
1241,롯데카드 웨어러블(솜솜이),롯데카드,"국내전용 3,000 원",전월실적없음,,https://api.card-gorilla.com:8080/storage/card/1241/card_img/21067/1241card.png
1242,스피킹맥스 하나카드,하나카드,"국내전용 20,000원 해외겸용 20,000원",전월실적10만원 이상,mastercard,https://api.card-gorilla.com:8080/storage/card/1242/card_img/21066/1242card.png
1243,U＋ 알뜰모바일카드,KB국민카드,"해외겸용 15,000원",전월실적30만원 이상,mastercardJCB,https://api.card-gorilla.com:8080/storage/card/1243/card_img/21065/1243card.png
1244,롯데카드 웨어러블(포인트 먹보),롯데카드,"국내전용 3,000원 해외겸용 3,500원",전월실적없음,VISA,https://api.card-gorilla.com:8080/storage/card/1244/card_img/21064/1244card.png
1245,동원몰포인트플러스 롯데카드,롯데카드,"국내전용 5,000원 해외겸용 7,000원",전월실적없음,mastercard,https://api.card-gorilla.com:8080/storage/card/1245/card_img/21063/1245card.jpg
1246,소노시즌 하나카드,하나카드,"국내전용 25,000원 해외겸용 25,000원",전월실적없음,AMEXJCB,https://api.card-gorilla.com:8080/storage/card/1246/card_img/21062/1246card.png
1247,kt family 카드,우리카드,"해외겸용 10,000원",전월실적30만원 이상,BC Global,https://api.card-gorilla.com:8080/storage/card/1247/card_img/21061/1247card.png
1248,바디프랜드 하나카드,하나카드,"해외겸용 12,000원",전월실적30만원 이상,JCB,https://api.card-gorilla.com:8080/storage/card/1248/card_img/21060/1248card.png
1249,SDU-V Family 카드,우리카드,"해외겸용 5,000원",전월실적30만원 이상,mastercard,https://api.card-gorilla.com:8080/storage/card/1249/card_img/21059/1249card.png
1250,롯데캐슬라이프 카드,롯데카드,"국내전용 7,000원 해외겸용 12,000원",전월실적30만원 이상,VISA,https://api.card-gorilla.com:8080/storage/card/1250/card_img/21058/1250card.jpg
